From,To
Nap (Akihito Ohno),Cassin (Kim Dae-hee (김대희))
Nap (Akihito Ohno),Naehyun (Yoo Nae-hyun (유내현))
Nap (Akihito Ohno),Milan (Ryo Nakamoto)
Nap (Akihito Ohno),Alchemy (Shintaro Kaneko)
Nap (Akihito Ohno),Ping9 (Ryu Jae-keon (류재건))
Cassin (Kim Dae-hee (김대희)),Naehyun (Yoo Nae-hyun (유내현))
Cassin (Kim Dae-hee (김대희)),Milan (Ryo Nakamoto)
Cassin (Kim Dae-hee (김대희)),Alchemy (Shintaro Kaneko)
Cassin (Kim Dae-hee (김대희)),Ping9 (Ryu Jae-keon (류재건))
Naehyun (Yoo Nae-hyun (유내현)),Milan (Ryo Nakamoto)
Naehyun (Yoo Nae-hyun (유내현)),Alchemy (Shintaro Kaneko)
Naehyun (Yoo Nae-hyun (유내현)),Ping9 (Ryu Jae-keon (류재건))
Milan (Ryo Nakamoto),Alchemy (Shintaro Kaneko)
Milan (Ryo Nakamoto),Ping9 (Ryu Jae-keon (류재건))
Alchemy (Shintaro Kaneko),Ping9 (Ryu Jae-keon (류재건))
apaMEN (Ryo Odagiri),Tussle (Lee Moon-yong (이문용))
apaMEN (Ryo Odagiri),Dasher (Kim Deok-beom (김덕범))
apaMEN (Ryo Odagiri),Zenit (Jeon Tae-gwon (전태권))
apaMEN (Ryo Odagiri),Corporal (Ian Pearse)
apaMEN (Ryo Odagiri),Sweet (Chun Jung-hee) (Chun Jung-hee (천정희))
Tussle (Lee Moon-yong (이문용)),Dasher (Kim Deok-beom (김덕범))
Tussle (Lee Moon-yong (이문용)),Zenit (Jeon Tae-gwon (전태권))
Tussle (Lee Moon-yong (이문용)),Corporal (Ian Pearse)
Tussle (Lee Moon-yong (이문용)),Sweet (Chun Jung-hee) (Chun Jung-hee (천정희))
Dasher (Kim Deok-beom (김덕범)),Zenit (Jeon Tae-gwon (전태권))
Dasher (Kim Deok-beom (김덕범)),Corporal (Ian Pearse)
Dasher (Kim Deok-beom (김덕범)),Sweet (Chun Jung-hee) (Chun Jung-hee (천정희))
Zenit (Jeon Tae-gwon (전태권)),Corporal (Ian Pearse)
Zenit (Jeon Tae-gwon (전태권)),Sweet (Chun Jung-hee) (Chun Jung-hee (천정희))
Corporal (Ian Pearse),Sweet (Chun Jung-hee) (Chun Jung-hee (천정희))
Paz (Shirou Sasaki),Crash (Lee Dong-woo (이동우))
Paz (Shirou Sasaki),Ramune (Osamu Ozawa)
Paz (Shirou Sasaki),Gango (Byun Se-hoon (변세훈))
Paz (Shirou Sasaki),Enty (Ryosei Tanioka)
Paz (Shirou Sasaki),Son (Son Jae-seok (손재석))
Crash (Lee Dong-woo (이동우)),Ramune (Osamu Ozawa)
Crash (Lee Dong-woo (이동우)),Gango (Byun Se-hoon (변세훈))
Crash (Lee Dong-woo (이동우)),Enty (Ryosei Tanioka)
Crash (Lee Dong-woo (이동우)),Son (Son Jae-seok (손재석))
Ramune (Osamu Ozawa),Gango (Byun Se-hoon (변세훈))
Ramune (Osamu Ozawa),Enty (Ryosei Tanioka)
Ramune (Osamu Ozawa),Son (Son Jae-seok (손재석))
Gango (Byun Se-hoon (변세훈)),Enty (Ryosei Tanioka)
Gango (Byun Se-hoon (변세훈)),Son (Son Jae-seok (손재석))
Enty (Ryosei Tanioka),Son (Son Jae-seok (손재석))
Cogcog (Ryohei Matsuda),MooJin (Kim Moo-jin (김무진))
Cogcog (Ryohei Matsuda),Ace (Kotoji Mugita) (Kotoji Mugita)
Cogcog (Ryohei Matsuda),Hollow (Shin Yong-jin (신용진))
Cogcog (Ryohei Matsuda),Raina (Shin Okubo)
Cogcog (Ryohei Matsuda),Dragon (Lee Jun-yong) (Lee Jun-yong (이준용))
MooJin (Kim Moo-jin (김무진)),Ace (Kotoji Mugita) (Kotoji Mugita)
MooJin (Kim Moo-jin (김무진)),Hollow (Shin Yong-jin (신용진))
MooJin (Kim Moo-jin (김무진)),Raina (Shin Okubo)
MooJin (Kim Moo-jin (김무진)),Dragon (Lee Jun-yong) (Lee Jun-yong (이준용))
Ace (Kotoji Mugita) (Kotoji Mugita),Hollow (Shin Yong-jin (신용진))
Ace (Kotoji Mugita) (Kotoji Mugita),Raina (Shin Okubo)
Ace (Kotoji Mugita) (Kotoji Mugita),Dragon (Lee Jun-yong) (Lee Jun-yong (이준용))
Hollow (Shin Yong-jin (신용진)),Raina (Shin Okubo)
Hollow (Shin Yong-jin (신용진)),Dragon (Lee Jun-yong) (Lee Jun-yong (이준용))
Raina (Shin Okubo),Dragon (Lee Jun-yong) (Lee Jun-yong (이준용))
Ino (Fumiya Aino),Hoglet (Kim Gwang-hyeop (김광협))
Ino (Fumiya Aino),Megumiin (Hayate Kubo)
Ino (Fumiya Aino),Honey (Park Bo-heon) (Park Bo-heon (박보헌))
Ino (Fumiya Aino),Nemoh (Keisuke Koresawa)
Ino (Fumiya Aino),Dicey (Daisuke Ashida)
Ino (Fumiya Aino),Cube (Kim Chang-seong) (Kim Chang-seong (김창성))
Hoglet (Kim Gwang-hyeop (김광협)),Megumiin (Hayate Kubo)
Hoglet (Kim Gwang-hyeop (김광협)),Honey (Park Bo-heon) (Park Bo-heon (박보헌))
Hoglet (Kim Gwang-hyeop (김광협)),Nemoh (Keisuke Koresawa)
Hoglet (Kim Gwang-hyeop (김광협)),Dicey (Daisuke Ashida)
Hoglet (Kim Gwang-hyeop (김광협)),Cube (Kim Chang-seong) (Kim Chang-seong (김창성))
Megumiin (Hayate Kubo),Honey (Park Bo-heon) (Park Bo-heon (박보헌))
Megumiin (Hayate Kubo),Nemoh (Keisuke Koresawa)
Megumiin (Hayate Kubo),Dicey (Daisuke Ashida)
Megumiin (Hayate Kubo),Cube (Kim Chang-seong) (Kim Chang-seong (김창성))
Honey (Park Bo-heon) (Park Bo-heon (박보헌)),Nemoh (Keisuke Koresawa)
Honey (Park Bo-heon) (Park Bo-heon (박보헌)),Dicey (Daisuke Ashida)
Honey (Park Bo-heon) (Park Bo-heon (박보헌)),Cube (Kim Chang-seong) (Kim Chang-seong (김창성))
Nemoh (Keisuke Koresawa),Cube (Kim Chang-seong) (Kim Chang-seong (김창성))
Dicey (Daisuke Ashida),Cube (Kim Chang-seong) (Kim Chang-seong (김창성))
RayFarky (Minato Shinohara),Once (Jang Se-yeong (장세영))
RayFarky (Minato Shinohara),Gariaru (Yoshimasa Sato)
RayFarky (Minato Shinohara),Yuhi (Yuhi Nakanishi)
RayFarky (Minato Shinohara),Proud (Lee Jeong-jae (이정재))
RayFarky (Minato Shinohara),34 (Kim Dong-hun (김동훈))
Once (Jang Se-yeong (장세영)),Gariaru (Yoshimasa Sato)
Once (Jang Se-yeong (장세영)),Yuhi (Yuhi Nakanishi)
Once (Jang Se-yeong (장세영)),Proud (Lee Jeong-jae (이정재))
Once (Jang Se-yeong (장세영)),34 (Kim Dong-hun (김동훈))
Gariaru (Yoshimasa Sato),Yuhi (Yuhi Nakanishi)
Gariaru (Yoshimasa Sato),Proud (Lee Jeong-jae (이정재))
Gariaru (Yoshimasa Sato),34 (Kim Dong-hun (김동훈))
Yuhi (Yuhi Nakanishi),Proud (Lee Jeong-jae (이정재))
Yuhi (Yuhi Nakanishi),34 (Kim Dong-hun (김동훈))
Proud (Lee Jeong-jae (이정재)),34 (Kim Dong-hun (김동훈))
Nap (Akihito Ohno),Qoo (Shogo Fukuda)
Cassin (Kim Dae-hee (김대희)),Qoo (Shogo Fukuda)
Naehyun (Yoo Nae-hyun (유내현)),Qoo (Shogo Fukuda)
Milan (Ryo Nakamoto),Qoo (Shogo Fukuda)
Alchemy (Shintaro Kaneko),Qoo (Shogo Fukuda)
Evi (Shunsuke Murase),Steal (Mun Geon-yeong) (Mun Geon-yeong (문건영))
Evi (Shunsuke Murase),Aria (Lee Ga-eul (이가을))
Evi (Shunsuke Murase),Ceros (Kyohei Yoshida)
Evi (Shunsuke Murase),Yutapon (Yuta Sugiura)
Evi (Shunsuke Murase),Kazu (Kazuta Suzuki)
Evi (Shunsuke Murase),Gaeng (Yang Gwang-woo (양광우))
Evi (Shunsuke Murase),Yang (Yang Gwang-pyo) (Yang Gwang-pyo (양광표))
Steal (Mun Geon-yeong) (Mun Geon-yeong (문건영)),Aria (Lee Ga-eul (이가을))
Steal (Mun Geon-yeong) (Mun Geon-yeong (문건영)),Ceros (Kyohei Yoshida)
Steal (Mun Geon-yeong) (Mun Geon-yeong (문건영)),Yutapon (Yuta Sugiura)
Steal (Mun Geon-yeong) (Mun Geon-yeong (문건영)),Kazu (Kazuta Suzuki)
Steal (Mun Geon-yeong) (Mun Geon-yeong (문건영)),Gaeng (Yang Gwang-woo (양광우))
Steal (Mun Geon-yeong) (Mun Geon-yeong (문건영)),Yang (Yang Gwang-pyo) (Yang Gwang-pyo (양광표))
Aria (Lee Ga-eul (이가을)),Yutapon (Yuta Sugiura)
Aria (Lee Ga-eul (이가을)),Kazu (Kazuta Suzuki)
Aria (Lee Ga-eul (이가을)),Yang (Yang Gwang-pyo) (Yang Gwang-pyo (양광표))
Ceros (Kyohei Yoshida),Yutapon (Yuta Sugiura)
Ceros (Kyohei Yoshida),Gaeng (Yang Gwang-woo (양광우))
Ceros (Kyohei Yoshida),Yang (Yang Gwang-pyo) (Yang Gwang-pyo (양광표))
Yutapon (Yuta Sugiura),Kazu (Kazuta Suzuki)
Yutapon (Yuta Sugiura),Gaeng (Yang Gwang-woo (양광우))
Yutapon (Yuta Sugiura),Yang (Yang Gwang-pyo) (Yang Gwang-pyo (양광표))
Kazu (Kazuta Suzuki),Yang (Yang Gwang-pyo) (Yang Gwang-pyo (양광표))
Gaeng (Yang Gwang-woo (양광우)),Yang (Yang Gwang-pyo) (Yang Gwang-pyo (양광표))
Kinatu (Yuto Enomoto),hachamecha (Dai Takai)
Kinatu (Yuto Enomoto),Recap (Norifumi Yamazaki)
Kinatu (Yuto Enomoto),Ssol (Seo Jin-sol (서진솔))
Kinatu (Yuto Enomoto),Secret (Park Ki-sun (박기선))
Kinatu (Yuto Enomoto),VicaL (Kim Sun-mook (김선묵))
hachamecha (Dai Takai),Recap (Norifumi Yamazaki)
hachamecha (Dai Takai),Ssol (Seo Jin-sol (서진솔))
hachamecha (Dai Takai),Secret (Park Ki-sun (박기선))
hachamecha (Dai Takai),VicaL (Kim Sun-mook (김선묵))
Recap (Norifumi Yamazaki),Ssol (Seo Jin-sol (서진솔))
Recap (Norifumi Yamazaki),Secret (Park Ki-sun (박기선))
Recap (Norifumi Yamazaki),VicaL (Kim Sun-mook (김선묵))
Ssol (Seo Jin-sol (서진솔)),Secret (Park Ki-sun (박기선))
Ssol (Seo Jin-sol (서진솔)),VicaL (Kim Sun-mook (김선묵))
Secret (Park Ki-sun (박기선)),VicaL (Kim Sun-mook (김선묵))
Cogcog (Ryohei Matsuda),HW4NG (Hwang Young-sik (황영식))
MooJin (Kim Moo-jin (김무진)),HW4NG (Hwang Young-sik (황영식))
Ace (Kotoji Mugita) (Kotoji Mugita),HW4NG (Hwang Young-sik (황영식))
Hollow (Shin Yong-jin (신용진)),HW4NG (Hwang Young-sik (황영식))
Raina (Shin Okubo),HW4NG (Hwang Young-sik (황영식))
RayFarky (Minato Shinohara),Eugeo (Takehiko Katsuki)
Once (Jang Se-yeong (장세영)),Eugeo (Takehiko Katsuki)
Eugeo (Takehiko Katsuki),Yuhi (Yuhi Nakanishi)
Eugeo (Takehiko Katsuki),Proud (Lee Jeong-jae (이정재))
Eugeo (Takehiko Katsuki),34 (Kim Dong-hun (김동훈))
Nap (Akihito Ohno),Yunika (Reo Komoda)
Nap (Akihito Ohno),Aria (Lee Ga-eul (이가을))
Nap (Akihito Ohno),Gango (Byun Se-hoon (변세훈))
Yunika (Reo Komoda),Aria (Lee Ga-eul (이가을))
Yunika (Reo Komoda),Gango (Byun Se-hoon (변세훈))
Yunika (Reo Komoda),Alchemy (Shintaro Kaneko)
Yunika (Reo Komoda),Qoo (Shogo Fukuda)
Aria (Lee Ga-eul (이가을)),Gango (Byun Se-hoon (변세훈))
Aria (Lee Ga-eul (이가을)),Alchemy (Shintaro Kaneko)
Aria (Lee Ga-eul (이가을)),Qoo (Shogo Fukuda)
Gango (Byun Se-hoon (변세훈)),Alchemy (Shintaro Kaneko)
Gango (Byun Se-hoon (변세훈)),Qoo (Shogo Fukuda)
Ceros (Kyohei Yoshida),Kazu (Kazuta Suzuki)
Gaeng (Yang Gwang-woo (양광우)),Kazu (Kazuta Suzuki)
Arumik (Naoya Kimura),Tussle (Lee Moon-yong (이문용))
Arumik (Naoya Kimura),Dasher (Kim Deok-beom (김덕범))
Arumik (Naoya Kimura),Honey (Park Bo-heon) (Park Bo-heon (박보헌))
Arumik (Naoya Kimura),Pooh (Norimitsu Hosogai) (Norimitsu Hosogai)
Arumik (Naoya Kimura),Awaker (Kentaro Hanaoka) (Kentaro Hanaoka)
Tussle (Lee Moon-yong (이문용)),Honey (Park Bo-heon) (Park Bo-heon (박보헌))
Tussle (Lee Moon-yong (이문용)),Pooh (Norimitsu Hosogai) (Norimitsu Hosogai)
Tussle (Lee Moon-yong (이문용)),Awaker (Kentaro Hanaoka) (Kentaro Hanaoka)
Dasher (Kim Deok-beom (김덕범)),Honey (Park Bo-heon) (Park Bo-heon (박보헌))
Dasher (Kim Deok-beom (김덕범)),Pooh (Norimitsu Hosogai) (Norimitsu Hosogai)
Dasher (Kim Deok-beom (김덕범)),Awaker (Kentaro Hanaoka) (Kentaro Hanaoka)
Honey (Park Bo-heon) (Park Bo-heon (박보헌)),Pooh (Norimitsu Hosogai) (Norimitsu Hosogai)
Honey (Park Bo-heon) (Park Bo-heon (박보헌)),Awaker (Kentaro Hanaoka) (Kentaro Hanaoka)
Pooh (Norimitsu Hosogai) (Norimitsu Hosogai),Awaker (Kentaro Hanaoka) (Kentaro Hanaoka)
apaMEN (Ryo Odagiri),Blank (Kang Sun-gu (강선구))
apaMEN (Ryo Odagiri),Pirean (Choi Jun-sik (최준식))
apaMEN (Ryo Odagiri),Yutorimoyashi (Yuta Noguchi (野口 悠太))
apaMEN (Ryo Odagiri),Enty (Ryosei Tanioka)
apaMEN (Ryo Odagiri),Karen (Kim Tae-soo (김태수))
Blank (Kang Sun-gu (강선구)),Pirean (Choi Jun-sik (최준식))
Blank (Kang Sun-gu (강선구)),Yutorimoyashi (Yuta Noguchi (野口 悠太))
Blank (Kang Sun-gu (강선구)),Enty (Ryosei Tanioka)
Blank (Kang Sun-gu (강선구)),Karen (Kim Tae-soo (김태수))
Pirean (Choi Jun-sik (최준식)),Yutorimoyashi (Yuta Noguchi (野口 悠太))
Pirean (Choi Jun-sik (최준식)),Enty (Ryosei Tanioka)
Pirean (Choi Jun-sik (최준식)),Karen (Kim Tae-soo (김태수))
Yutorimoyashi (Yuta Noguchi (野口 悠太)),Enty (Ryosei Tanioka)
Yutorimoyashi (Yuta Noguchi (野口 悠太)),Karen (Kim Tae-soo (김태수))
Enty (Ryosei Tanioka),Karen (Kim Tae-soo (김태수))
Paz (Shirou Sasaki),Bugi (Lee Seong-yeop (이성엽))
Paz (Shirou Sasaki),Ace (Kotoji Mugita) (Kotoji Mugita)
Paz (Shirou Sasaki),Archer (Lee Keun-hee) (Lee Keun-hee (이근희))
Paz (Shirou Sasaki),Raina (Shin Okubo)
Bugi (Lee Seong-yeop (이성엽)),Ace (Kotoji Mugita) (Kotoji Mugita)
Bugi (Lee Seong-yeop (이성엽)),Archer (Lee Keun-hee) (Lee Keun-hee (이근희))
Bugi (Lee Seong-yeop (이성엽)),Raina (Shin Okubo)
Bugi (Lee Seong-yeop (이성엽)),Son (Son Jae-seok (손재석))
Ace (Kotoji Mugita) (Kotoji Mugita),Archer (Lee Keun-hee) (Lee Keun-hee (이근희))
Ace (Kotoji Mugita) (Kotoji Mugita),Son (Son Jae-seok (손재석))
Archer (Lee Keun-hee) (Lee Keun-hee (이근희)),Raina (Shin Okubo)
Archer (Lee Keun-hee) (Lee Keun-hee (이근희)),Son (Son Jae-seok (손재석))
Raina (Shin Okubo),Son (Son Jae-seok (손재석))
Natsume (Natsume Funada),Hoglet (Kim Gwang-hyeop (김광협))
Natsume (Natsume Funada),Gariaru (Yoshimasa Sato)
Natsume (Natsume Funada),Corporal (Ian Pearse)
Natsume (Natsume Funada),Jerophilip (Ha Jae-pil (하재필))
Hoglet (Kim Gwang-hyeop (김광협)),Gariaru (Yoshimasa Sato)
Hoglet (Kim Gwang-hyeop (김광협)),Day1 (Wataru Shimizu (清水 航))
Hoglet (Kim Gwang-hyeop (김광협)),Corporal (Ian Pearse)
Hoglet (Kim Gwang-hyeop (김광협)),Jerophilip (Ha Jae-pil (하재필))
Gariaru (Yoshimasa Sato),Day1 (Wataru Shimizu (清水 航))
Gariaru (Yoshimasa Sato),Corporal (Ian Pearse)
Gariaru (Yoshimasa Sato),Jerophilip (Ha Jae-pil (하재필))
Day1 (Wataru Shimizu (清水 航)),Corporal (Ian Pearse)
Day1 (Wataru Shimizu (清水 航)),Jerophilip (Ha Jae-pil (하재필))
Corporal (Ian Pearse),Jerophilip (Ha Jae-pil (하재필))
Nap (Akihito Ohno),Aria (Lee Gyu-sang (이규상))
Yunika (Reo Komoda),Aria (Lee Gyu-sang (이규상))
Aria (Lee Gyu-sang (이규상)),Gango (Byun Se-hoon (변세훈))
Aria (Lee Gyu-sang (이규상)),Alchemy (Shintaro Kaneko)
Aria (Lee Gyu-sang (이규상)),Qoo (Shogo Fukuda)
Evi (Shunsuke Murase),OnAir (Kang Hyun-jong (강현종))
Evi (Shunsuke Murase),Gismo (Haruhiko Aoki)
Steal (Mun Geon-yeong) (Mun Geon-yeong (문건영)),OnAir (Kang Hyun-jong (강현종))
Steal (Mun Geon-yeong) (Mun Geon-yeong (문건영)),Gismo (Haruhiko Aoki)
Ceros (Kyohei Yoshida),OnAir (Kang Hyun-jong (강현종))
Ceros (Kyohei Yoshida),Gismo (Haruhiko Aoki)
Yutapon (Yuta Sugiura),OnAir (Kang Hyun-jong (강현종))
Yutapon (Yuta Sugiura),Gismo (Haruhiko Aoki)
Gaeng (Yang Gwang-woo (양광우)),OnAir (Kang Hyun-jong (강현종))
Gaeng (Yang Gwang-woo (양광우)),Gismo (Haruhiko Aoki)
Cogcog (Ryohei Matsuda),hachamecha (Dai Takai)
Cogcog (Ryohei Matsuda),Pink (Soya Koizumi)
Cogcog (Ryohei Matsuda),Art (Cho Joung-hun (조정훈))
Cogcog (Ryohei Matsuda),Nagi (Genta Tada)
Cogcog (Ryohei Matsuda),Langlo (Lee Gyeong-min (이경민))
hachamecha (Dai Takai),Pink (Soya Koizumi)
hachamecha (Dai Takai),Art (Cho Joung-hun (조정훈))
hachamecha (Dai Takai),Nagi (Genta Tada)
hachamecha (Dai Takai),Langlo (Lee Gyeong-min (이경민))
Pink (Soya Koizumi),Art (Cho Joung-hun (조정훈))
Pink (Soya Koizumi),Nagi (Genta Tada)
Pink (Soya Koizumi),Langlo (Lee Gyeong-min (이경민))
Art (Cho Joung-hun (조정훈)),Nagi (Genta Tada)
Art (Cho Joung-hun (조정훈)),Langlo (Lee Gyeong-min (이경민))
Nagi (Genta Tada),Langlo (Lee Gyeong-min (이경민))
uinyan (Takashi Inoue),Hoglet (Kim Gwang-hyeop (김광협))
uinyan (Takashi Inoue),Gariaru (Yoshimasa Sato)
uinyan (Takashi Inoue),Hide (Gil Seon-ho) (Gil Seon-ho (길선호))
uinyan (Takashi Inoue),Corporal (Ian Pearse)
uinyan (Takashi Inoue),Yang (Yang Gwang-pyo) (Yang Gwang-pyo (양광표))
Hoglet (Kim Gwang-hyeop (김광협)),Hide (Gil Seon-ho) (Gil Seon-ho (길선호))
Hoglet (Kim Gwang-hyeop (김광협)),Yang (Yang Gwang-pyo) (Yang Gwang-pyo (양광표))
Gariaru (Yoshimasa Sato),Hide (Gil Seon-ho) (Gil Seon-ho (길선호))
Gariaru (Yoshimasa Sato),Yang (Yang Gwang-pyo) (Yang Gwang-pyo (양광표))
Hide (Gil Seon-ho) (Gil Seon-ho (길선호)),Corporal (Ian Pearse)
Hide (Gil Seon-ho) (Gil Seon-ho (길선호)),Yang (Yang Gwang-pyo) (Yang Gwang-pyo (양광표))
Corporal (Ian Pearse),Yang (Yang Gwang-pyo) (Yang Gwang-pyo (양광표))
Nap (Akihito Ohno),Yoshi (Yoshinobu Ohtani) (Yoshinobu Ohtani)
Yoshi (Yoshinobu Ohtani) (Yoshinobu Ohtani),Aria (Lee Ga-eul (이가을))
Yoshi (Yoshinobu Ohtani) (Yoshinobu Ohtani),Gango (Byun Se-hoon (변세훈))
Yoshi (Yoshinobu Ohtani) (Yoshinobu Ohtani),Alchemy (Shintaro Kaneko)
Yoshi (Yoshinobu Ohtani) (Yoshinobu Ohtani),Qoo (Shogo Fukuda)
Cogcog (Ryohei Matsuda),Ninja (Noh Geon-woo (노건우))
Cogcog (Ryohei Matsuda),viviD (Han Gi-hun (한기훈))
Cogcog (Ryohei Matsuda),Savage (Jang Seung-gyu (장승규))
hachamecha (Dai Takai),Ninja (Noh Geon-woo (노건우))
hachamecha (Dai Takai),viviD (Han Gi-hun (한기훈))
hachamecha (Dai Takai),Savage (Jang Seung-gyu (장승규))
Ninja (Noh Geon-woo (노건우)),Art (Cho Joung-hun (조정훈))
Ninja (Noh Geon-woo (노건우)),viviD (Han Gi-hun (한기훈))
Ninja (Noh Geon-woo (노건우)),Savage (Jang Seung-gyu (장승규))
Art (Cho Joung-hun (조정훈)),viviD (Han Gi-hun (한기훈))
Art (Cho Joung-hun (조정훈)),Savage (Jang Seung-gyu (장승규))
viviD (Han Gi-hun (한기훈)),Savage (Jang Seung-gyu (장승규))
RayFarky (Minato Shinohara),Roki (Hiroki Yokoo)
Once (Jang Se-yeong (장세영)),Roki (Hiroki Yokoo)
Roki (Hiroki Yokoo),Yuhi (Yuhi Nakanishi)
Roki (Hiroki Yokoo),Proud (Lee Jeong-jae (이정재))
Roki (Hiroki Yokoo),34 (Kim Dong-hun (김동훈))
Yoshi (Yoshinobu Ohtani) (Yoshinobu Ohtani),Aria (Lee Gyu-sang (이규상))
Dasher (Kim Deok-beom (김덕범)),Ramune (Osamu Ozawa)
Tussle (Lee Moon-yong (이문용)),Ramune (Osamu Ozawa)
Ramune (Osamu Ozawa),Honey (Park Bo-heon) (Park Bo-heon (박보헌))
Ramune (Osamu Ozawa),Pooh (Norimitsu Hosogai) (Norimitsu Hosogai)
Ramune (Osamu Ozawa),Awaker (Kentaro Hanaoka) (Kentaro Hanaoka)
Paz (Shirou Sasaki),HW4NG (Hwang Young-sik (황영식))
Bugi (Lee Seong-yeop (이성엽)),HW4NG (Hwang Young-sik (황영식))
Archer (Lee Keun-hee) (Lee Keun-hee (이근희)),HW4NG (Hwang Young-sik (황영식))
Nap (Akihito Ohno),hachamecha (Dai Takai)
Nap (Akihito Ohno),Art (Cho Joung-hun (조정훈))
Nap (Akihito Ohno),atyamomo (Takahito Suzuki)
hachamecha (Dai Takai),Aria (Lee Gyu-sang (이규상))
hachamecha (Dai Takai),atyamomo (Takahito Suzuki)
hachamecha (Dai Takai),Qoo (Shogo Fukuda)
Aria (Lee Gyu-sang (이규상)),Art (Cho Joung-hun (조정훈))
Aria (Lee Gyu-sang (이규상)),atyamomo (Takahito Suzuki)
Art (Cho Joung-hun (조정훈)),atyamomo (Takahito Suzuki)
Art (Cho Joung-hun (조정훈)),Qoo (Shogo Fukuda)
atyamomo (Takahito Suzuki),Qoo (Shogo Fukuda)
Paz (Shirou Sasaki),Baby (Kim Dong-woo) (Kim Dong-woo (김동우))
Paz (Shirou Sasaki),Yutorimoyashi (Yuta Noguchi (野口 悠太))
Paz (Shirou Sasaki),viviD (Han Gi-hun (한기훈))
Baby (Kim Dong-woo) (Kim Dong-woo (김동우)),Ace (Kotoji Mugita) (Kotoji Mugita)
Baby (Kim Dong-woo) (Kim Dong-woo (김동우)),Yutorimoyashi (Yuta Noguchi (野口 悠太))
Baby (Kim Dong-woo) (Kim Dong-woo (김동우)),viviD (Han Gi-hun (한기훈))
Baby (Kim Dong-woo) (Kim Dong-woo (김동우)),HW4NG (Hwang Young-sik (황영식))
Baby (Kim Dong-woo) (Kim Dong-woo (김동우)),Son (Son Jae-seok (손재석))
Ace (Kotoji Mugita) (Kotoji Mugita),Yutorimoyashi (Yuta Noguchi (野口 悠太))
Ace (Kotoji Mugita) (Kotoji Mugita),viviD (Han Gi-hun (한기훈))
Yutorimoyashi (Yuta Noguchi (野口 悠太)),viviD (Han Gi-hun (한기훈))
Yutorimoyashi (Yuta Noguchi (野口 悠太)),HW4NG (Hwang Young-sik (황영식))
Yutorimoyashi (Yuta Noguchi (野口 悠太)),Son (Son Jae-seok (손재석))
viviD (Han Gi-hun (한기훈)),HW4NG (Hwang Young-sik (황영식))
viviD (Han Gi-hun (한기훈)),Son (Son Jae-seok (손재석))
uinyan (Takashi Inoue),Smile (Won Jong-ha) (Won Jong-ha (원종하))
uinyan (Takashi Inoue),Yunika (Reo Komoda)
uinyan (Takashi Inoue),Day1 (Wataru Shimizu (清水 航))
uinyan (Takashi Inoue),Lago (Lee Tae-woon (이태운))
uinyan (Takashi Inoue),Ping9 (Ryu Jae-keon (류재건))
Smile (Won Jong-ha) (Won Jong-ha (원종하)),Gariaru (Yoshimasa Sato)
Smile (Won Jong-ha) (Won Jong-ha (원종하)),Day1 (Wataru Shimizu (清水 航))
Smile (Won Jong-ha) (Won Jong-ha (원종하)),Lago (Lee Tae-woon (이태운))
Smile (Won Jong-ha) (Won Jong-ha (원종하)),Ping9 (Ryu Jae-keon (류재건))
Yunika (Reo Komoda),Gariaru (Yoshimasa Sato)
Yunika (Reo Komoda),Day1 (Wataru Shimizu (清水 航))
Yunika (Reo Komoda),Lago (Lee Tae-woon (이태운))
Yunika (Reo Komoda),Ping9 (Ryu Jae-keon (류재건))
Gariaru (Yoshimasa Sato),Lago (Lee Tae-woon (이태운))
Gariaru (Yoshimasa Sato),Ping9 (Ryu Jae-keon (류재건))
Day1 (Wataru Shimizu (清水 航)),Lago (Lee Tae-woon (이태운))
Day1 (Wataru Shimizu (清水 航)),Ping9 (Ryu Jae-keon (류재건))
Lago (Lee Tae-woon (이태운)),Ping9 (Ryu Jae-keon (류재건))
RayFarky (Minato Shinohara),Medic (Kim Ji-ho) (Kim Ji-ho (김지호))
Once (Jang Se-yeong (장세영)),Medic (Kim Ji-ho) (Kim Ji-ho (김지호))
Roki (Hiroki Yokoo),Medic (Kim Ji-ho) (Kim Ji-ho (김지호))
Yuhi (Yuhi Nakanishi),Medic (Kim Ji-ho) (Kim Ji-ho (김지호))
Medic (Kim Ji-ho) (Kim Ji-ho (김지호)),34 (Kim Dong-hun (김동훈))
Alchemy (Shintaro Kaneko),hachamecha (Dai Takai)
Alchemy (Shintaro Kaneko),Art (Cho Joung-hun (조정훈))
Alchemy (Shintaro Kaneko),atyamomo (Takahito Suzuki)
Yoshi (Yoshinobu Ohtani) (Yoshinobu Ohtani),Art (Cho Joung-hun (조정훈))
Yoshi (Yoshinobu Ohtani) (Yoshinobu Ohtani),atyamomo (Takahito Suzuki)
Evi (Shunsuke Murase),Ramune (Osamu Ozawa)
Steal (Mun Geon-yeong) (Mun Geon-yeong (문건영)),Ramune (Osamu Ozawa)
Ramune (Osamu Ozawa),Yutapon (Yuta Sugiura)
Ramune (Osamu Ozawa),Gaeng (Yang Gwang-woo (양광우))
Ramune (Osamu Ozawa),Kazu (Kazuta Suzuki)
Cogcog (Ryohei Matsuda),Wyvern (Lee Jong-gyun (이종균))
Cogcog (Ryohei Matsuda),Zerost (Shotaro Ikeda (池田 翔太郎))
Cogcog (Ryohei Matsuda),scottlyk (Yasuhiro Konaka)
Cogcog (Ryohei Matsuda),Alleycat (Masaaki Yamaguchi)
Cogcog (Ryohei Matsuda),1onz (Tom Rahman)
Wyvern (Lee Jong-gyun (이종균)),Ninja (Noh Geon-woo (노건우))
Wyvern (Lee Jong-gyun (이종균)),Zerost (Shotaro Ikeda (池田 翔太郎))
Wyvern (Lee Jong-gyun (이종균)),scottlyk (Yasuhiro Konaka)
Wyvern (Lee Jong-gyun (이종균)),Alleycat (Masaaki Yamaguchi)
Wyvern (Lee Jong-gyun (이종균)),1onz (Tom Rahman)
Ninja (Noh Geon-woo (노건우)),Zerost (Shotaro Ikeda (池田 翔太郎))
Ninja (Noh Geon-woo (노건우)),scottlyk (Yasuhiro Konaka)
Ninja (Noh Geon-woo (노건우)),Alleycat (Masaaki Yamaguchi)
Ninja (Noh Geon-woo (노건우)),1onz (Tom Rahman)
Zerost (Shotaro Ikeda (池田 翔太郎)),Alleycat (Masaaki Yamaguchi)
Zerost (Shotaro Ikeda (池田 翔太郎)),1onz (Tom Rahman)
scottlyk (Yasuhiro Konaka),Alleycat (Masaaki Yamaguchi)
scottlyk (Yasuhiro Konaka),1onz (Tom Rahman)
Alleycat (Masaaki Yamaguchi),1onz (Tom Rahman)
DonShu (Daiki Yoshimura),Blank (Kang Sun-gu (강선구))
DonShu (Daiki Yoshimura),Taka (Takahiro Iwata)
DonShu (Daiki Yoshimura),OdduGi (Song Kwang-ho (송광호))
DonShu (Daiki Yoshimura),Raina (Shin Okubo)
DonShu (Daiki Yoshimura),PoohManDu (Lee Jeong-hyeon (이정현))
Blank (Kang Sun-gu (강선구)),Taka (Takahiro Iwata)
Blank (Kang Sun-gu (강선구)),OdduGi (Song Kwang-ho (송광호))
Blank (Kang Sun-gu (강선구)),Raina (Shin Okubo)
Blank (Kang Sun-gu (강선구)),PoohManDu (Lee Jeong-hyeon (이정현))
Taka (Takahiro Iwata),OdduGi (Song Kwang-ho (송광호))
Taka (Takahiro Iwata),Raina (Shin Okubo)
Taka (Takahiro Iwata),PoohManDu (Lee Jeong-hyeon (이정현))
OdduGi (Song Kwang-ho (송광호)),Raina (Shin Okubo)
OdduGi (Song Kwang-ho (송광호)),PoohManDu (Lee Jeong-hyeon (이정현))
Raina (Shin Okubo),PoohManDu (Lee Jeong-hyeon (이정현))
Arumik (Naoya Kimura),Keymaker (Hiroto Ito)
Arumik (Naoya Kimura),Enty (Ryosei Tanioka)
Arumik (Naoya Kimura),Rahui (Ko Gwang-pyo (고광표))
Tussle (Lee Moon-yong (이문용)),Keymaker (Hiroto Ito)
Tussle (Lee Moon-yong (이문용)),Enty (Ryosei Tanioka)
Tussle (Lee Moon-yong (이문용)),Rahui (Ko Gwang-pyo (고광표))
Dasher (Kim Deok-beom (김덕범)),Keymaker (Hiroto Ito)
Dasher (Kim Deok-beom (김덕범)),Enty (Ryosei Tanioka)
Dasher (Kim Deok-beom (김덕범)),Rahui (Ko Gwang-pyo (고광표))
Keymaker (Hiroto Ito),Enty (Ryosei Tanioka)
Keymaker (Hiroto Ito),Rahui (Ko Gwang-pyo (고광표))
Enty (Ryosei Tanioka),Rahui (Ko Gwang-pyo (고광표))
apaMEN (Ryo Odagiri),Keymaker (Hiroto Ito)
apaMEN (Ryo Odagiri),Rahui (Ko Gwang-pyo (고광표))
uinyan (Takashi Inoue),iSeNN (Takahito Ogawa)
uinyan (Takashi Inoue),NoA (Shunya Honda) (Shunya Honda)
uinyan (Takashi Inoue),ThintoN (Junya Matsuoka)
uinyan (Takashi Inoue),Jerophilip (Ha Jae-pil (하재필))
iSeNN (Takahito Ogawa),Gariaru (Yoshimasa Sato)
iSeNN (Takahito Ogawa),NoA (Shunya Honda) (Shunya Honda)
iSeNN (Takahito Ogawa),Day1 (Wataru Shimizu (清水 航))
iSeNN (Takahito Ogawa),ThintoN (Junya Matsuoka)
iSeNN (Takahito Ogawa),Jerophilip (Ha Jae-pil (하재필))
iSeNN (Takahito Ogawa),Ping9 (Ryu Jae-keon (류재건))
Gariaru (Yoshimasa Sato),NoA (Shunya Honda) (Shunya Honda)
Gariaru (Yoshimasa Sato),ThintoN (Junya Matsuoka)
NoA (Shunya Honda) (Shunya Honda),ThintoN (Junya Matsuoka)
NoA (Shunya Honda) (Shunya Honda),Jerophilip (Ha Jae-pil (하재필))
NoA (Shunya Honda) (Shunya Honda),Ping9 (Ryu Jae-keon (류재건))
Day1 (Wataru Shimizu (清水 航)),ThintoN (Junya Matsuoka)
ThintoN (Junya Matsuoka),Jerophilip (Ha Jae-pil (하재필))
ThintoN (Junya Matsuoka),Ping9 (Ryu Jae-keon (류재건))
Cogcog (Ryohei Matsuda),Once (Jang Se-yeong (장세영))
Cogcog (Ryohei Matsuda),Roki (Hiroki Yokoo)
Cogcog (Ryohei Matsuda),Yutorimoyashi (Yuta Noguchi (野口 悠太))
Cogcog (Ryohei Matsuda),Mocha (Kim Tae-gyeom) (Kim Tae-gyeom (김태겸))
Cogcog (Ryohei Matsuda),34 (Kim Dong-hun (김동훈))
Broooock (Akihiro Hosogoe),Once (Jang Se-yeong (장세영))
Broooock (Akihiro Hosogoe),Roki (Hiroki Yokoo)
Broooock (Akihiro Hosogoe),Yuhi (Yuhi Nakanishi)
Broooock (Akihiro Hosogoe),Mocha (Kim Tae-gyeom) (Kim Tae-gyeom (김태겸))
Broooock (Akihiro Hosogoe),34 (Kim Dong-hun (김동훈))
Once (Jang Se-yeong (장세영)),Yutorimoyashi (Yuta Noguchi (野口 悠太))
Once (Jang Se-yeong (장세영)),Mocha (Kim Tae-gyeom) (Kim Tae-gyeom (김태겸))
Roki (Hiroki Yokoo),Yutorimoyashi (Yuta Noguchi (野口 悠太))
Roki (Hiroki Yokoo),Mocha (Kim Tae-gyeom) (Kim Tae-gyeom (김태겸))
Yutorimoyashi (Yuta Noguchi (野口 悠太)),Mocha (Kim Tae-gyeom) (Kim Tae-gyeom (김태겸))
Yutorimoyashi (Yuta Noguchi (野口 悠太)),34 (Kim Dong-hun (김동훈))
Yuhi (Yuhi Nakanishi),Mocha (Kim Tae-gyeom) (Kim Tae-gyeom (김태겸))
Mocha (Kim Tae-gyeom) (Kim Tae-gyeom (김태겸)),34 (Kim Dong-hun (김동훈))
Alleycat (Masaaki Yamaguchi),Hollis (Lee Do-yeol (이도열))
Alleycat (Masaaki Yamaguchi),Yuki (Yuki Takahashi) (Yuki Takahashi)
Alleycat (Masaaki Yamaguchi),Lillebelt (Yoshiaki Koka (江夏 義昭))
Wyvern (Lee Jong-gyun (이종균)),Hollis (Lee Do-yeol (이도열))
Wyvern (Lee Jong-gyun (이종균)),Yuki (Yuki Takahashi) (Yuki Takahashi)
Wyvern (Lee Jong-gyun (이종균)),Lillebelt (Yoshiaki Koka (江夏 義昭))
Hollis (Lee Do-yeol (이도열)),scottlyk (Yasuhiro Konaka)
Hollis (Lee Do-yeol (이도열)),Yuki (Yuki Takahashi) (Yuki Takahashi)
Hollis (Lee Do-yeol (이도열)),Lillebelt (Yoshiaki Koka (江夏 義昭))
Hollis (Lee Do-yeol (이도열)),1onz (Tom Rahman)
scottlyk (Yasuhiro Konaka),Yuki (Yuki Takahashi) (Yuki Takahashi)
scottlyk (Yasuhiro Konaka),Lillebelt (Yoshiaki Koka (江夏 義昭))
Yuki (Yuki Takahashi) (Yuki Takahashi),Lillebelt (Yoshiaki Koka (江夏 義昭))
Yuki (Yuki Takahashi) (Yuki Takahashi),1onz (Tom Rahman)
Reiya (Reiya Sakamoto),Smile (Won Jong-ha) (Won Jong-ha (원종하))
Reiya (Reiya Sakamoto),Taka (Takahiro Iwata)
Reiya (Reiya Sakamoto),OdduGi (Song Kwang-ho (송광호))
Reiya (Reiya Sakamoto),Raina (Shin Okubo)
Reiya (Reiya Sakamoto),Maplestreet (Ainslie Wyllie)
Smile (Won Jong-ha) (Won Jong-ha (원종하)),Taka (Takahiro Iwata)
Smile (Won Jong-ha) (Won Jong-ha (원종하)),OdduGi (Song Kwang-ho (송광호))
Smile (Won Jong-ha) (Won Jong-ha (원종하)),Raina (Shin Okubo)
Smile (Won Jong-ha) (Won Jong-ha (원종하)),Maplestreet (Ainslie Wyllie)
Taka (Takahiro Iwata),Maplestreet (Ainslie Wyllie)
OdduGi (Song Kwang-ho (송광호)),Maplestreet (Ainslie Wyllie)
Raina (Shin Okubo),Maplestreet (Ainslie Wyllie)
Paz (Shirou Sasaki),Neo (Moon Ji-won) (Moon Ji-won (문지원))
Paz (Shirou Sasaki),Savage (Jang Seung-gyu (장승규))
Paz (Shirou Sasaki),Recap (Norifumi Yamazaki)
Paz (Shirou Sasaki),Zerost (Shotaro Ikeda (池田 翔太郎))
Paz (Shirou Sasaki),Masyo (Shoma Sasaki)
Neo (Moon Ji-won) (Moon Ji-won (문지원)),Ace (Kotoji Mugita) (Kotoji Mugita)
Neo (Moon Ji-won) (Moon Ji-won (문지원)),Recap (Norifumi Yamazaki)
Neo (Moon Ji-won) (Moon Ji-won (문지원)),Zerost (Shotaro Ikeda (池田 翔太郎))
Neo (Moon Ji-won) (Moon Ji-won (문지원)),Masyo (Shoma Sasaki)
Neo (Moon Ji-won) (Moon Ji-won (문지원)),viviD (Han Gi-hun (한기훈))
Neo (Moon Ji-won) (Moon Ji-won (문지원)),HW4NG (Hwang Young-sik (황영식))
Savage (Jang Seung-gyu (장승규)),Ace (Kotoji Mugita) (Kotoji Mugita)
Savage (Jang Seung-gyu (장승규)),Zerost (Shotaro Ikeda (池田 翔太郎))
Savage (Jang Seung-gyu (장승규)),Masyo (Shoma Sasaki)
Savage (Jang Seung-gyu (장승규)),HW4NG (Hwang Young-sik (황영식))
Ace (Kotoji Mugita) (Kotoji Mugita),Zerost (Shotaro Ikeda (池田 翔太郎))
Ace (Kotoji Mugita) (Kotoji Mugita),Masyo (Shoma Sasaki)
Recap (Norifumi Yamazaki),Zerost (Shotaro Ikeda (池田 翔太郎))
Recap (Norifumi Yamazaki),viviD (Han Gi-hun (한기훈))
Recap (Norifumi Yamazaki),HW4NG (Hwang Young-sik (황영식))
Zerost (Shotaro Ikeda (池田 翔太郎)),viviD (Han Gi-hun (한기훈))
Zerost (Shotaro Ikeda (池田 翔太郎)),HW4NG (Hwang Young-sik (황영식))
Masyo (Shoma Sasaki),viviD (Han Gi-hun (한기훈))
Masyo (Shoma Sasaki),HW4NG (Hwang Young-sik (황영식))
Evi (Shunsuke Murase),viviD (Han Gi-hun (한기훈))
Steal (Mun Geon-yeong) (Mun Geon-yeong (문건영)),viviD (Han Gi-hun (한기훈))
Ceros (Kyohei Yoshida),viviD (Han Gi-hun (한기훈))
Yutapon (Yuta Sugiura),viviD (Han Gi-hun (한기훈))
viviD (Han Gi-hun (한기훈)),Kazu (Kazuta Suzuki)
Paz (Shirou Sasaki),Once (Jang Se-yeong (장세영))
Paz (Shirou Sasaki),Gaeng (Yang Gwang-woo (양광우))
Paz (Shirou Sasaki),34 (Kim Dong-hun (김동훈))
Once (Jang Se-yeong (장세영)),Ramune (Osamu Ozawa)
Once (Jang Se-yeong (장세영)),Gaeng (Yang Gwang-woo (양광우))
Ramune (Osamu Ozawa),Yutorimoyashi (Yuta Noguchi (野口 悠太))
Ramune (Osamu Ozawa),34 (Kim Dong-hun (김동훈))
Yutorimoyashi (Yuta Noguchi (野口 悠太)),Gaeng (Yang Gwang-woo (양광우))
Gaeng (Yang Gwang-woo (양광우)),34 (Kim Dong-hun (김동훈))
apaMEN (Ryo Odagiri),Gariaru (Yoshimasa Sato)
apaMEN (Ryo Odagiri),Gango (Byun Se-hoon (변세훈))
Tussle (Lee Moon-yong (이문용)),Gariaru (Yoshimasa Sato)
Tussle (Lee Moon-yong (이문용)),Gango (Byun Se-hoon (변세훈))
Gariaru (Yoshimasa Sato),Gango (Byun Se-hoon (변세훈))
Gariaru (Yoshimasa Sato),Enty (Ryosei Tanioka)
Gariaru (Yoshimasa Sato),Rahui (Ko Gwang-pyo (고광표))
Gango (Byun Se-hoon (변세훈)),Rahui (Ko Gwang-pyo (고광표))
Reiya (Reiya Sakamoto),Wilder (Jeong Jin-woo (정진우))
Reiya (Reiya Sakamoto),Roki (Hiroki Yokoo)
Reiya (Reiya Sakamoto),Haretti (Souta Nakamura (中村 宗太))
Reiya (Reiya Sakamoto),Mocha (Kim Tae-gyeom) (Kim Tae-gyeom (김태겸))
Reiya (Reiya Sakamoto),Hope of Nation (Henrik Velnom)
Wilder (Jeong Jin-woo (정진우)),Roki (Hiroki Yokoo)
Wilder (Jeong Jin-woo (정진우)),Haretti (Souta Nakamura (中村 宗太))
Wilder (Jeong Jin-woo (정진우)),Mocha (Kim Tae-gyeom) (Kim Tae-gyeom (김태겸))
Wilder (Jeong Jin-woo (정진우)),Hope of Nation (Henrik Velnom)
Roki (Hiroki Yokoo),Haretti (Souta Nakamura (中村 宗太))
Roki (Hiroki Yokoo),Hope of Nation (Henrik Velnom)
Haretti (Souta Nakamura (中村 宗太)),Mocha (Kim Tae-gyeom) (Kim Tae-gyeom (김태겸))
Haretti (Souta Nakamura (中村 宗太)),Hope of Nation (Henrik Velnom)
Mocha (Kim Tae-gyeom) (Kim Tae-gyeom (김태겸)),Hope of Nation (Henrik Velnom)
Nap (Akihito Ohno),Lavie (Lee Ji-san (이지산))
Nap (Akihito Ohno),Alps (Tatsumi Suzuki)
Nap (Akihito Ohno),Shield (Song Ju-yeong) (Song Ju-yeong (송주영))
hachamecha (Dai Takai),Lavie (Lee Ji-san (이지산))
hachamecha (Dai Takai),Alps (Tatsumi Suzuki)
hachamecha (Dai Takai),Shield (Song Ju-yeong) (Song Ju-yeong (송주영))
Lavie (Lee Ji-san (이지산)),Alps (Tatsumi Suzuki)
Lavie (Lee Ji-san (이지산)),Shield (Song Ju-yeong) (Song Ju-yeong (송주영))
Lavie (Lee Ji-san (이지산)),Qoo (Shogo Fukuda)
Alps (Tatsumi Suzuki),Shield (Song Ju-yeong) (Song Ju-yeong (송주영))
Alps (Tatsumi Suzuki),Qoo (Shogo Fukuda)
Shield (Song Ju-yeong) (Song Ju-yeong (송주영)),Qoo (Shogo Fukuda)
apaMEN (Ryo Odagiri),Nap (Akihito Ohno)
Tussle (Lee Moon-yong (이문용)),Nap (Akihito Ohno)
Gariaru (Yoshimasa Sato),Nap (Akihito Ohno)
Enty (Ryosei Tanioka),Nap (Akihito Ohno)
Cogcog (Ryohei Matsuda),Recap (Norifumi Yamazaki)
Cogcog (Ryohei Matsuda),Keymaker (Hiroto Ito)
Cogcog (Ryohei Matsuda),GuGer (Kim Do-yeop (김도엽))
Awaker (Kentaro Hanaoka) (Kentaro Hanaoka),Wyvern (Lee Jong-gyun (이종균))
Awaker (Kentaro Hanaoka) (Kentaro Hanaoka),Recap (Norifumi Yamazaki)
Awaker (Kentaro Hanaoka) (Kentaro Hanaoka),Keymaker (Hiroto Ito)
Awaker (Kentaro Hanaoka) (Kentaro Hanaoka),GuGer (Kim Do-yeop (김도엽))
Awaker (Kentaro Hanaoka) (Kentaro Hanaoka),1onz (Tom Rahman)
Wyvern (Lee Jong-gyun (이종균)),Recap (Norifumi Yamazaki)
Wyvern (Lee Jong-gyun (이종균)),Keymaker (Hiroto Ito)
Wyvern (Lee Jong-gyun (이종균)),GuGer (Kim Do-yeop (김도엽))
Recap (Norifumi Yamazaki),Keymaker (Hiroto Ito)
Recap (Norifumi Yamazaki),GuGer (Kim Do-yeop (김도엽))
Recap (Norifumi Yamazaki),1onz (Tom Rahman)
Keymaker (Hiroto Ito),GuGer (Kim Do-yeop (김도엽))
Keymaker (Hiroto Ito),1onz (Tom Rahman)
GuGer (Kim Do-yeop (김도엽)),1onz (Tom Rahman)
Evi (Shunsuke Murase),JOON (Park Seong-joon (박성준))
Steal (Mun Geon-yeong) (Mun Geon-yeong (문건영)),JOON (Park Seong-joon (박성준))
Ceros (Kyohei Yoshida),JOON (Park Seong-joon (박성준))
Yutapon (Yuta Sugiura),JOON (Park Seong-joon (박성준))
viviD (Han Gi-hun (한기훈)),JOON (Park Seong-joon (박성준))
apaMEN (Ryo Odagiri),Pascal (Pascal Österreicher)
Tussle (Lee Moon-yong (이문용)),Pascal (Pascal Österreicher)
Gariaru (Yoshimasa Sato),Pascal (Pascal Österreicher)
Gango (Byun Se-hoon (변세훈)),Pascal (Pascal Österreicher)
Enty (Ryosei Tanioka),Pascal (Pascal Österreicher)
raizin (Ryouhei Yamaki (八巻 陵平)),Savage (Jang Seung-gyu (장승규))
raizin (Ryouhei Yamaki (八巻 陵平)),Haretti (Souta Nakamura (中村 宗太))
raizin (Ryouhei Yamaki (八巻 陵平)),ThintoN (Junya Matsuoka)
raizin (Ryouhei Yamaki (八巻 陵平)),Razer (Hiroaki Nagasima)
SatoRy (Yuuki Tange),Savage (Jang Seung-gyu (장승규))
SatoRy (Yuuki Tange),Haretti (Souta Nakamura (中村 宗太))
SatoRy (Yuuki Tange),ThintoN (Junya Matsuoka)
SatoRy (Yuuki Tange),Razer (Hiroaki Nagasima)
Savage (Jang Seung-gyu (장승규)),Haretti (Souta Nakamura (中村 宗太))
Savage (Jang Seung-gyu (장승규)),ThintoN (Junya Matsuoka)
Savage (Jang Seung-gyu (장승규)),Razer (Hiroaki Nagasima)
Haretti (Souta Nakamura (中村 宗太)),ThintoN (Junya Matsuoka)
Haretti (Souta Nakamura (中村 宗太)),Razer (Hiroaki Nagasima)
ThintoN (Junya Matsuoka),Razer (Hiroaki Nagasima)
Alleycat (Masaaki Yamaguchi),Fanxy (Kim Hyeok (김혁))
Alleycat (Masaaki Yamaguchi),NoA (Shunya Honda) (Shunya Honda)
Alleycat (Masaaki Yamaguchi),Meron (Kiichi Watanabe)
Wyvern (Lee Jong-gyun (이종균)),Fanxy (Kim Hyeok (김혁))
Wyvern (Lee Jong-gyun (이종균)),NoA (Shunya Honda) (Shunya Honda)
Wyvern (Lee Jong-gyun (이종균)),Meron (Kiichi Watanabe)
Fanxy (Kim Hyeok (김혁)),NoA (Shunya Honda) (Shunya Honda)
Fanxy (Kim Hyeok (김혁)),Meron (Kiichi Watanabe)
Fanxy (Kim Hyeok (김혁)),Yuki (Yuki Takahashi) (Yuki Takahashi)
Fanxy (Kim Hyeok (김혁)),Lillebelt (Yoshiaki Koka (江夏 義昭))
NoA (Shunya Honda) (Shunya Honda),Yuki (Yuki Takahashi) (Yuki Takahashi)
NoA (Shunya Honda) (Shunya Honda),Lillebelt (Yoshiaki Koka (江夏 義昭))
Meron (Kiichi Watanabe),Yuki (Yuki Takahashi) (Yuki Takahashi)
Meron (Kiichi Watanabe),Lillebelt (Yoshiaki Koka (江夏 義昭))
Cogcog (Ryohei Matsuda),Smile (Won Jong-ha) (Won Jong-ha (원종하))
Cogcog (Ryohei Matsuda),E hi (Kim Han-gyeom (김한겸))
Cogcog (Ryohei Matsuda),Kazu (Kazuta Suzuki)
Smile (Won Jong-ha) (Won Jong-ha (원종하)),E hi (Kim Han-gyeom (김한겸))
Smile (Won Jong-ha) (Won Jong-ha (원종하)),Keymaker (Hiroto Ito)
Smile (Won Jong-ha) (Won Jong-ha (원종하)),Kazu (Kazuta Suzuki)
Smile (Won Jong-ha) (Won Jong-ha (원종하)),1onz (Tom Rahman)
E hi (Kim Han-gyeom (김한겸)),Keymaker (Hiroto Ito)
E hi (Kim Han-gyeom (김한겸)),Kazu (Kazuta Suzuki)
E hi (Kim Han-gyeom (김한겸)),1onz (Tom Rahman)
Keymaker (Hiroto Ito),Kazu (Kazuta Suzuki)
Kazu (Kazuta Suzuki),1onz (Tom Rahman)
SatoRy (Yuuki Tange),Broooock (Akihiro Hosogoe)
SatoRy (Yuuki Tange),Rokenia (Jun Young-dae (전영대))
SatoRy (Yuuki Tange),HW4NG (Hwang Young-sik (황영식))
raizin (Ryouhei Yamaki (八巻 陵平)),Broooock (Akihiro Hosogoe)
raizin (Ryouhei Yamaki (八巻 陵平)),Rokenia (Jun Young-dae (전영대))
raizin (Ryouhei Yamaki (八巻 陵平)),HW4NG (Hwang Young-sik (황영식))
Savage (Jang Seung-gyu (장승규)),Broooock (Akihiro Hosogoe)
Savage (Jang Seung-gyu (장승규)),Rokenia (Jun Young-dae (전영대))
Broooock (Akihiro Hosogoe),Rokenia (Jun Young-dae (전영대))
Broooock (Akihiro Hosogoe),ThintoN (Junya Matsuoka)
Broooock (Akihiro Hosogoe),HW4NG (Hwang Young-sik (황영식))
Rokenia (Jun Young-dae (전영대)),ThintoN (Junya Matsuoka)
Rokenia (Jun Young-dae (전영대)),HW4NG (Hwang Young-sik (황영식))
ThintoN (Junya Matsuoka),HW4NG (Hwang Young-sik (황영식))
Paz (Shirou Sasaki),Steal (Mun Geon-yeong) (Mun Geon-yeong (문건영))
Paz (Shirou Sasaki),Ceros (Kyohei Yoshida)
Paz (Shirou Sasaki),Yutapon (Yuta Sugiura)
Paz (Shirou Sasaki),Dokgo (Kim Gyeong-tak (김경탁))
Steal (Mun Geon-yeong) (Mun Geon-yeong (문건영)),Dokgo (Kim Gyeong-tak (김경탁))
Ceros (Kyohei Yoshida),Dokgo (Kim Gyeong-tak (김경탁))
Yutapon (Yuta Sugiura),Dokgo (Kim Gyeong-tak (김경탁))
viviD (Han Gi-hun (한기훈)),Dokgo (Kim Gyeong-tak (김경탁))
Evi (Shunsuke Murase),Tussle (Lee Moon-yong (이문용))
Evi (Shunsuke Murase),Yutorimoyashi (Yuta Noguchi (野口 悠太))
Evi (Shunsuke Murase),Dara (Jeon Jeong-hoon (전정훈))
Evi (Shunsuke Murase),34 (Kim Dong-hun (김동훈))
Tussle (Lee Moon-yong (이문용)),Yutorimoyashi (Yuta Noguchi (野口 悠太))
Tussle (Lee Moon-yong (이문용)),Dara (Jeon Jeong-hoon (전정훈))
Tussle (Lee Moon-yong (이문용)),34 (Kim Dong-hun (김동훈))
Ramune (Osamu Ozawa),Dara (Jeon Jeong-hoon (전정훈))
Yutorimoyashi (Yuta Noguchi (野口 悠太)),Dara (Jeon Jeong-hoon (전정훈))
Dara (Jeon Jeong-hoon (전정훈)),34 (Kim Dong-hun (김동훈))
Akasi (Kazuki Tomono),Ami (Kim Dong-hyeon (김동현))
Akasi (Kazuki Tomono),Hollis (Lee Do-yeol (이도열))
Akasi (Kazuki Tomono),Zerost (Shotaro Ikeda (池田 翔太郎))
Akasi (Kazuki Tomono),Legato (Tatsuo Narita)
Akasi (Kazuki Tomono),Hope of Nation (Henrik Velnom)
Akasi (Kazuki Tomono),Laden (Kang Byung-ho (강병호))
Ami (Kim Dong-hyeon (김동현)),Hollis (Lee Do-yeol (이도열))
Ami (Kim Dong-hyeon (김동현)),Zerost (Shotaro Ikeda (池田 翔太郎))
Ami (Kim Dong-hyeon (김동현)),Legato (Tatsuo Narita)
Ami (Kim Dong-hyeon (김동현)),Laden (Kang Byung-ho (강병호))
Hollis (Lee Do-yeol (이도열)),Zerost (Shotaro Ikeda (池田 翔太郎))
Hollis (Lee Do-yeol (이도열)),Legato (Tatsuo Narita)
Hollis (Lee Do-yeol (이도열)),Nap (Akihito Ohno)
Hollis (Lee Do-yeol (이도열)),Hope of Nation (Henrik Velnom)
Hollis (Lee Do-yeol (이도열)),Laden (Kang Byung-ho (강병호))
Zerost (Shotaro Ikeda (池田 翔太郎)),Legato (Tatsuo Narita)
Zerost (Shotaro Ikeda (池田 翔太郎)),Nap (Akihito Ohno)
Zerost (Shotaro Ikeda (池田 翔太郎)),Hope of Nation (Henrik Velnom)
Zerost (Shotaro Ikeda (池田 翔太郎)),Laden (Kang Byung-ho (강병호))
Legato (Tatsuo Narita),Nap (Akihito Ohno)
Legato (Tatsuo Narita),Hope of Nation (Henrik Velnom)
Legato (Tatsuo Narita),Laden (Kang Byung-ho (강병호))
Paz (Shirou Sasaki),ENZA (Toshikazu Senzaki (千嵜 勇和))
Steal (Mun Geon-yeong) (Mun Geon-yeong (문건영)),ENZA (Toshikazu Senzaki (千嵜 勇和))
Ceros (Kyohei Yoshida),ENZA (Toshikazu Senzaki (千嵜 勇和))
Yutapon (Yuta Sugiura),ENZA (Toshikazu Senzaki (千嵜 勇和))
viviD (Han Gi-hun (한기훈)),ENZA (Toshikazu Senzaki (千嵜 勇和))
atyamomo (Takahito Suzuki),Wyvern (Lee Jong-gyun (이종균))
atyamomo (Takahito Suzuki),Lavie (Lee Ji-san (이지산))
atyamomo (Takahito Suzuki),NoA (Shunya Honda) (Shunya Honda)
atyamomo (Takahito Suzuki),Yuki (Yuki Takahashi) (Yuki Takahashi)
atyamomo (Takahito Suzuki),Lillebelt (Yoshiaki Koka (江夏 義昭))
Alleycat (Masaaki Yamaguchi),Lavie (Lee Ji-san (이지산))
Wyvern (Lee Jong-gyun (이종균)),Lavie (Lee Ji-san (이지산))
Lavie (Lee Ji-san (이지산)),NoA (Shunya Honda) (Shunya Honda)
Lavie (Lee Ji-san (이지산)),Yuki (Yuki Takahashi) (Yuki Takahashi)
Lavie (Lee Ji-san (이지산)),Lillebelt (Yoshiaki Koka (江夏 義昭))
apaMEN (Ryo Odagiri),Neo (Moon Ji-won) (Moon Ji-won (문지원))
apaMEN (Ryo Odagiri),REMIND (Kim Hong-ju (김홍주))
apaMEN (Ryo Odagiri),Haretti (Souta Nakamura (中村 宗太))
apaMEN (Ryo Odagiri),nicopuri (Kazuki Kubo)
Neo (Moon Ji-won) (Moon Ji-won (문지원)),REMIND (Kim Hong-ju (김홍주))
Neo (Moon Ji-won) (Moon Ji-won (문지원)),Haretti (Souta Nakamura (中村 宗太))
Neo (Moon Ji-won) (Moon Ji-won (문지원)),Enty (Ryosei Tanioka)
Neo (Moon Ji-won) (Moon Ji-won (문지원)),nicopuri (Kazuki Kubo)
REMIND (Kim Hong-ju (김홍주)),Haretti (Souta Nakamura (中村 宗太))
REMIND (Kim Hong-ju (김홍주)),Enty (Ryosei Tanioka)
REMIND (Kim Hong-ju (김홍주)),nicopuri (Kazuki Kubo)
Haretti (Souta Nakamura (中村 宗太)),Enty (Ryosei Tanioka)
Haretti (Souta Nakamura (中村 宗太)),nicopuri (Kazuki Kubo)
Enty (Ryosei Tanioka),nicopuri (Kazuki Kubo)
Yutapon (Yuta Sugiura),Zerost (Shotaro Ikeda (池田 翔太郎))
Yutapon (Yuta Sugiura),Dragon (Lee Jun-yong) (Lee Jun-yong (이준용))
Paz (Shirou Sasaki),Dragon (Lee Jun-yong) (Lee Jun-yong (이준용))
Ceros (Kyohei Yoshida),Zerost (Shotaro Ikeda (池田 翔太郎))
Ceros (Kyohei Yoshida),Dragon (Lee Jun-yong) (Lee Jun-yong (이준용))
Zerost (Shotaro Ikeda (池田 翔太郎)),Dragon (Lee Jun-yong) (Lee Jun-yong (이준용))
viviD (Han Gi-hun (한기훈)),Dragon (Lee Jun-yong) (Lee Jun-yong (이준용))
SatoRy (Yuuki Tange),Shinmori (Sho Shinmori)
SatoRy (Yuuki Tange),Estelim (Sho Takahashi)
SatoRy (Yuuki Tange),NaeMisa (Yusuke Takano)
Savage (Jang Seung-gyu (장승규)),Shinmori (Sho Shinmori)
Savage (Jang Seung-gyu (장승규)),Estelim (Sho Takahashi)
Savage (Jang Seung-gyu (장승규)),NaeMisa (Yusuke Takano)
Shinmori (Sho Shinmori),NaeMisa (Yusuke Takano)
Shinmori (Sho Shinmori),ThintoN (Junya Matsuoka)
Estelim (Sho Takahashi),ThintoN (Junya Matsuoka)
NaeMisa (Yusuke Takano),ThintoN (Junya Matsuoka)
Yutapon (Yuta Sugiura),Shrimp (Lee Byeong-hoon (이병훈))
Shrimp (Lee Byeong-hoon (이병훈)),Ceros (Kyohei Yoshida)
Shrimp (Lee Byeong-hoon (이병훈)),Zerost (Shotaro Ikeda (池田 翔太郎))
Shrimp (Lee Byeong-hoon (이병훈)),viviD (Han Gi-hun (한기훈))
atyamomo (Takahito Suzuki),iSeNN (Takahito Ogawa)
atyamomo (Takahito Suzuki),Alleycat (Masaaki Yamaguchi)
Taki (Kim Kwang-hee) (Kim Kwang-hee (김광희)),Wyvern (Lee Jong-gyun (이종균))
Taki (Kim Kwang-hee) (Kim Kwang-hee (김광희)),Alleycat (Masaaki Yamaguchi)
Taki (Kim Kwang-hee) (Kim Kwang-hee (김광희)),NoA (Shunya Honda) (Shunya Honda)
Taki (Kim Kwang-hee) (Kim Kwang-hee (김광희)),Yuki (Yuki Takahashi) (Yuki Takahashi)
iSeNN (Takahito Ogawa),Alleycat (Masaaki Yamaguchi)
iSeNN (Takahito Ogawa),Yuki (Yuki Takahashi) (Yuki Takahashi)
Arfoad (Kento Inoue),DayDream (Kang Kyung-min (강경민))
Arfoad (Kento Inoue),Search (Kim Jae-won (김재원))
Arfoad (Kento Inoue),Day1 (Wataru Shimizu (清水 航))
Arfoad (Kento Inoue),Terette (Yuji Mamiya)
DayDream (Kang Kyung-min (강경민)),Search (Kim Jae-won (김재원))
DayDream (Kang Kyung-min (강경민)),Day1 (Wataru Shimizu (清水 航))
DayDream (Kang Kyung-min (강경민)),Terette (Yuji Mamiya)
Search (Kim Jae-won (김재원)),Day1 (Wataru Shimizu (清水 航))
Search (Kim Jae-won (김재원)),Terette (Yuji Mamiya)
Day1 (Wataru Shimizu (清水 航)),Terette (Yuji Mamiya)
Neo (Moon Ji-won) (Moon Ji-won (문지원)),Gariaru (Yoshimasa Sato)
Gariaru (Yoshimasa Sato),Haretti (Souta Nakamura (中村 宗太))
Evi (Shunsuke Murase),Corn (Hong Jae-hee) (Hong Jae-hee (홍재희))
Evi (Shunsuke Murase),Rokenia (Jun Young-dae (전영대))
Evi (Shunsuke Murase),ThintoN (Junya Matsuoka)
Corn (Hong Jae-hee) (Hong Jae-hee (홍재희)),Rokenia (Jun Young-dae (전영대))
Corn (Hong Jae-hee) (Hong Jae-hee (홍재희)),Yutorimoyashi (Yuta Noguchi (野口 悠太))
Corn (Hong Jae-hee) (Hong Jae-hee (홍재희)),ThintoN (Junya Matsuoka)
Rokenia (Jun Young-dae (전영대)),Yutorimoyashi (Yuta Noguchi (野口 悠太))
Yutorimoyashi (Yuta Noguchi (野口 悠太)),ThintoN (Junya Matsuoka)
Yutapon (Yuta Sugiura),DayDream (Kang Kyung-min (강경민))
Yutapon (Yuta Sugiura),Hikari (Hirokazu Myojo)
DayDream (Kang Kyung-min (강경민)),Ceros (Kyohei Yoshida)
DayDream (Kang Kyung-min (강경민)),Hikari (Hirokazu Myojo)
DayDream (Kang Kyung-min (강경민)),viviD (Han Gi-hun (한기훈))
Ceros (Kyohei Yoshida),Hikari (Hirokazu Myojo)
Hikari (Hirokazu Myojo),viviD (Han Gi-hun (한기훈))
Paz (Shirou Sasaki),Tussle (Lee Moon-yong (이문용))
Paz (Shirou Sasaki),Roki (Hiroki Yokoo)
Paz (Shirou Sasaki),Meron (Kiichi Watanabe)
Paz (Shirou Sasaki),Dara (Jeon Jeong-hoon (전정훈))
Tussle (Lee Moon-yong (이문용)),Roki (Hiroki Yokoo)
Tussle (Lee Moon-yong (이문용)),Meron (Kiichi Watanabe)
Roki (Hiroki Yokoo),Meron (Kiichi Watanabe)
Roki (Hiroki Yokoo),Dara (Jeon Jeong-hoon (전정훈))
Meron (Kiichi Watanabe),Dara (Jeon Jeong-hoon (전정훈))
Evi (Shunsuke Murase),Awaker (Kentaro Hanaoka) (Kentaro Hanaoka)
Evi (Shunsuke Murase),Estelim (Sho Takahashi)
Evi (Shunsuke Murase),Broooock (Akihiro Hosogoe)
Corn (Hong Jae-hee) (Hong Jae-hee (홍재희)),Estelim (Sho Takahashi)
Awaker (Kentaro Hanaoka) (Kentaro Hanaoka),Estelim (Sho Takahashi)
Awaker (Kentaro Hanaoka) (Kentaro Hanaoka),Broooock (Akihiro Hosogoe)
Awaker (Kentaro Hanaoka) (Kentaro Hanaoka),Yutorimoyashi (Yuta Noguchi (野口 悠太))
Awaker (Kentaro Hanaoka) (Kentaro Hanaoka),ThintoN (Junya Matsuoka)
Estelim (Sho Takahashi),Yutorimoyashi (Yuta Noguchi (野口 悠太))
Broooock (Akihiro Hosogoe),Yutorimoyashi (Yuta Noguchi (野口 悠太))
Yutapon (Yuta Sugiura),Catch (Yun Sang-ho) (Yun Sang-ho (윤상호))
Yutapon (Yuta Sugiura),nororin (Naoki Niimi)
Catch (Yun Sang-ho) (Yun Sang-ho (윤상호)),Ceros (Kyohei Yoshida)
Catch (Yun Sang-ho) (Yun Sang-ho (윤상호)),nororin (Naoki Niimi)
Catch (Yun Sang-ho) (Yun Sang-ho (윤상호)),Hikari (Hirokazu Myojo)
Catch (Yun Sang-ho) (Yun Sang-ho (윤상호)),viviD (Han Gi-hun (한기훈))
Ceros (Kyohei Yoshida),nororin (Naoki Niimi)
nororin (Naoki Niimi),viviD (Han Gi-hun (한기훈))
Nova (Motoyuki Yamanaka) (Motoyuki Yamanaka),Ilven (Rai Kei)
Nova (Motoyuki Yamanaka) (Motoyuki Yamanaka),Alleycat (Masaaki Yamaguchi)
Nova (Motoyuki Yamanaka) (Motoyuki Yamanaka),Day1 (Wataru Shimizu (清水 航))
Nova (Motoyuki Yamanaka) (Motoyuki Yamanaka),Terette (Yuji Mamiya)
Arfoad (Kento Inoue),Mei (Masaru Hatate)
Arfoad (Kento Inoue),Alleycat (Masaaki Yamaguchi)
Arfoad (Kento Inoue),Kazu (Kazuta Suzuki)
Ilven (Rai Kei),Alleycat (Masaaki Yamaguchi)
Ilven (Rai Kei),Day1 (Wataru Shimizu (清水 航))
Ilven (Rai Kei),Terette (Yuji Mamiya)
Mei (Masaru Hatate),Alleycat (Masaaki Yamaguchi)
Mei (Masaru Hatate),Day1 (Wataru Shimizu (清水 航))
Mei (Masaru Hatate),Terette (Yuji Mamiya)
Mei (Masaru Hatate),Kazu (Kazuta Suzuki)
Alleycat (Masaaki Yamaguchi),Day1 (Wataru Shimizu (清水 航))
Alleycat (Masaaki Yamaguchi),Terette (Yuji Mamiya)
Alleycat (Masaaki Yamaguchi),Kazu (Kazuta Suzuki)
Day1 (Wataru Shimizu (清水 航)),Kazu (Kazuta Suzuki)
Cogcog (Ryohei Matsuda),CarilRui (Kentaro Katagiri)
Cogcog (Ryohei Matsuda),Mueki (Kento Ojima)
Cogcog (Ryohei Matsuda),Alps (Tatsumi Suzuki)
Cogcog (Ryohei Matsuda),Yoshiaki (Yoshiaki Matsuura)
CarilRui (Kentaro Katagiri),Mueki (Kento Ojima)
CarilRui (Kentaro Katagiri),Alps (Tatsumi Suzuki)
CarilRui (Kentaro Katagiri),Zerost (Shotaro Ikeda (池田 翔太郎))
CarilRui (Kentaro Katagiri),Yoshiaki (Yoshiaki Matsuura)
Mueki (Kento Ojima),Alps (Tatsumi Suzuki)
Mueki (Kento Ojima),Zerost (Shotaro Ikeda (池田 翔太郎))
Mueki (Kento Ojima),Yoshiaki (Yoshiaki Matsuura)
Alps (Tatsumi Suzuki),Yoshiaki (Yoshiaki Matsuura)
Zerost (Shotaro Ikeda (池田 翔太郎)),Yoshiaki (Yoshiaki Matsuura)
apaMEN (Ryo Odagiri),Challenger (Hiroki Tadokoro)
apaMEN (Ryo Odagiri),AeonBlast (Park Jin-su (박진수))
apaMEN (Ryo Odagiri),Namakemono (Kazuki Asai)
Challenger (Hiroki Tadokoro),Namakemono (Kazuki Asai)
Challenger (Hiroki Tadokoro),Haretti (Souta Nakamura (中村 宗太))
Challenger (Hiroki Tadokoro),Enty (Ryosei Tanioka)
AeonBlast (Park Jin-su (박진수)),Haretti (Souta Nakamura (中村 宗太))
AeonBlast (Park Jin-su (박진수)),Enty (Ryosei Tanioka)
Namakemono (Kazuki Asai),Haretti (Souta Nakamura (中村 宗太))
Namakemono (Kazuki Asai),Enty (Ryosei Tanioka)
Catch (Yun Sang-ho) (Yun Sang-ho (윤상호)),Zerost (Shotaro Ikeda (池田 翔太郎))
Aotaka (Takuya Fujita (藤田 拓也)),Paz (Shirou Sasaki)
Aotaka (Takuya Fujita (藤田 拓也)),Roki (Hiroki Yokoo)
Aotaka (Takuya Fujita (藤田 拓也)),Meron (Kiichi Watanabe)
Aotaka (Takuya Fujita (藤田 拓也)),tei (Suzuto Shimizu)
Paz (Shirou Sasaki),tei (Suzuto Shimizu)
Roki (Hiroki Yokoo),tei (Suzuto Shimizu)
Meron (Kiichi Watanabe),tei (Suzuto Shimizu)
apaMEN (Ryo Odagiri),isurugi (Yoshitaka Hayasaki)
apaMEN (Ryo Odagiri),Clockday (Kazuhiro Suzuki (鈴木 雄大))
isurugi (Yoshitaka Hayasaki),Clockday (Kazuhiro Suzuki (鈴木 雄大))
isurugi (Yoshitaka Hayasaki),Haretti (Souta Nakamura (中村 宗太))
isurugi (Yoshitaka Hayasaki),Enty (Ryosei Tanioka)
Clockday (Kazuhiro Suzuki (鈴木 雄大)),Haretti (Souta Nakamura (中村 宗太))
Clockday (Kazuhiro Suzuki (鈴木 雄大)),Enty (Ryosei Tanioka)
Evi (Shunsuke Murase),Shinmori (Sho Shinmori)
Evi (Shunsuke Murase),Beni (Ryohei Tsuji)
Awaker (Kentaro Hanaoka) (Kentaro Hanaoka),Shinmori (Sho Shinmori)
Awaker (Kentaro Hanaoka) (Kentaro Hanaoka),Beni (Ryohei Tsuji)
Shinmori (Sho Shinmori),Yutorimoyashi (Yuta Noguchi (野口 悠太))
Shinmori (Sho Shinmori),Beni (Ryohei Tsuji)
Yutorimoyashi (Yuta Noguchi (野口 悠太)),Beni (Ryohei Tsuji)
BonziN (Keisuke Oda),Catch (Yun Sang-ho) (Yun Sang-ho (윤상호))
BonziN (Keisuke Oda),Ceros (Kyohei Yoshida)
BonziN (Keisuke Oda),Zerost (Shotaro Ikeda (池田 翔太郎))
BonziN (Keisuke Oda),viviD (Han Gi-hun (한기훈))
Cogcog (Ryohei Matsuda),GalB (Lee Ju-hyeob (이주협))
Cogcog (Ryohei Matsuda),Inu (Akito Kuwabara)
Cogcog (Ryohei Matsuda),aripo (Eisho Nagata)
Cogcog (Ryohei Matsuda),Rkp (Rikiya Yuasa)
Cogcog (Ryohei Matsuda),Lillebelt (Yoshiaki Koka (江夏 義昭))
GalB (Lee Ju-hyeob (이주협)),HW4NG (Hwang Young-sik (황영식))
GalB (Lee Ju-hyeob (이주협)),Rkp (Rikiya Yuasa)
Inu (Akito Kuwabara),aripo (Eisho Nagata)
Inu (Akito Kuwabara),Rkp (Rikiya Yuasa)
Inu (Akito Kuwabara),Lillebelt (Yoshiaki Koka (江夏 義昭))
HW4NG (Hwang Young-sik (황영식)),Rkp (Rikiya Yuasa)
aripo (Eisho Nagata),Rkp (Rikiya Yuasa)
aripo (Eisho Nagata),Lillebelt (Yoshiaki Koka (江夏 義昭))
Rkp (Rikiya Yuasa),Lillebelt (Yoshiaki Koka (江夏 義昭))
Arfoad (Kento Inoue),Serick (Masato Hidaka)
Arfoad (Kento Inoue),CarilRui (Kentaro Katagiri)
Arfoad (Kento Inoue),Alps (Tatsumi Suzuki)
Arfoad (Kento Inoue),Mugoon (Ryo Sameshima)
Arfoad (Kento Inoue),Mueki (Kento Ojima)
Arfoad (Kento Inoue),RhythmAsalt (Masaya Yamauchi)
Arfoad (Kento Inoue),Yoshiaki (Yoshiaki Matsuura)
Serick (Masato Hidaka),Alps (Tatsumi Suzuki)
Serick (Masato Hidaka),Mugoon (Ryo Sameshima)
Serick (Masato Hidaka),RhythmAsalt (Masaya Yamauchi)
Serick (Masato Hidaka),Yoshiaki (Yoshiaki Matsuura)
CarilRui (Kentaro Katagiri),Mugoon (Ryo Sameshima)
CarilRui (Kentaro Katagiri),RhythmAsalt (Masaya Yamauchi)
Alps (Tatsumi Suzuki),RhythmAsalt (Masaya Yamauchi)
Mugoon (Ryo Sameshima),RhythmAsalt (Masaya Yamauchi)
Mugoon (Ryo Sameshima),Yoshiaki (Yoshiaki Matsuura)
Mueki (Kento Ojima),RhythmAsalt (Masaya Yamauchi)
RhythmAsalt (Masaya Yamauchi),Yoshiaki (Yoshiaki Matsuura)
Yutapon (Yuta Sugiura),Astarore (Yuta Hiratsuka)
Yutapon (Yuta Sugiura),Rokenia (Jun Young-dae (전영대))
Yutapon (Yuta Sugiura),Atu (Liang Chang-Wei (梁昌煒))
Astarore (Yuta Hiratsuka),Ceros (Kyohei Yoshida)
Astarore (Yuta Hiratsuka),Rokenia (Jun Young-dae (전영대))
Astarore (Yuta Hiratsuka),Kazu (Kazuta Suzuki)
Astarore (Yuta Hiratsuka),Atu (Liang Chang-Wei (梁昌煒))
Ceros (Kyohei Yoshida),Rokenia (Jun Young-dae (전영대))
Ceros (Kyohei Yoshida),Atu (Liang Chang-Wei (梁昌煒))
Rokenia (Jun Young-dae (전영대)),Kazu (Kazuta Suzuki)
Rokenia (Jun Young-dae (전영대)),Atu (Liang Chang-Wei (梁昌煒))
Kazu (Kazuta Suzuki),Atu (Liang Chang-Wei (梁昌煒))
A M U S E 4 (Takashi Otsuka),Shaft (Park Yeong-jin) (Park Yeong-jin (박영진))
A M U S E 4 (Takashi Otsuka),Tussle (Lee Moon-yong (이문용))
A M U S E 4 (Takashi Otsuka),tei (Suzuto Shimizu)
A M U S E 4 (Takashi Otsuka),Meron (Kiichi Watanabe)
A M U S E 4 (Takashi Otsuka),Dara (Jeon Jeong-hoon (전정훈))
A M U S E 4 (Takashi Otsuka),kgtekito (Keiji Kato)
Shaft (Park Yeong-jin) (Park Yeong-jin (박영진)),tei (Suzuto Shimizu)
Shaft (Park Yeong-jin) (Park Yeong-jin (박영진)),Meron (Kiichi Watanabe)
Shaft (Park Yeong-jin) (Park Yeong-jin (박영진)),Dara (Jeon Jeong-hoon (전정훈))
Shaft (Park Yeong-jin) (Park Yeong-jin (박영진)),kgtekito (Keiji Kato)
Tussle (Lee Moon-yong (이문용)),tei (Suzuto Shimizu)
Tussle (Lee Moon-yong (이문용)),kgtekito (Keiji Kato)
tei (Suzuto Shimizu),Dara (Jeon Jeong-hoon (전정훈))
tei (Suzuto Shimizu),kgtekito (Keiji Kato)
Meron (Kiichi Watanabe),kgtekito (Keiji Kato)
Dara (Jeon Jeong-hoon (전정훈)),kgtekito (Keiji Kato)
Evi (Shunsuke Murase),SSuN (Oh Yeong-gyo) (Oh Yeong-gyo (오영교))
Evi (Shunsuke Murase),Alvingo (Choi Byeong-cheol (최병철))
Evi (Shunsuke Murase),Mueki (Kento Ojima)
Evi (Shunsuke Murase),Clockday (Kazuhiro Suzuki (鈴木 雄大))
SSuN (Oh Yeong-gyo) (Oh Yeong-gyo (오영교)),Alvingo (Choi Byeong-cheol (최병철))
SSuN (Oh Yeong-gyo) (Oh Yeong-gyo (오영교)),Mueki (Kento Ojima)
SSuN (Oh Yeong-gyo) (Oh Yeong-gyo (오영교)),Clockday (Kazuhiro Suzuki (鈴木 雄大))
Alvingo (Choi Byeong-cheol (최병철)),Mueki (Kento Ojima)
Alvingo (Choi Byeong-cheol (최병철)),Clockday (Kazuhiro Suzuki (鈴木 雄大))
Mueki (Kento Ojima),Clockday (Kazuhiro Suzuki (鈴木 雄大))
Ai (Aiitiro Oshima),Namakemono (Kazuki Asai)
Ai (Aiitiro Oshima),Ars (Yudai Yamaya)
Ai (Aiitiro Oshima),Henrietta (Yuya Sasagawa)
Ai (Aiitiro Oshima),Keymaker (Hiroto Ito)
Namakemono (Kazuki Asai),Keymaker (Hiroto Ito)
Ars (Yudai Yamaya),Keymaker (Hiroto Ito)
Henrietta (Yuya Sasagawa),Keymaker (Hiroto Ito)
BonziN (Keisuke Oda),Procxin (Kim Se-young (김세영))
BonziN (Keisuke Oda),Astarore (Yuta Hiratsuka)
BonziN (Keisuke Oda),Yutapon (Yuta Sugiura)
BonziN (Keisuke Oda),HW4NG (Hwang Young-sik (황영식))
BonziN (Keisuke Oda),Kazu (Kazuta Suzuki)
Procxin (Kim Se-young (김세영)),Ceros (Kyohei Yoshida)
Procxin (Kim Se-young (김세영)),Yutapon (Yuta Sugiura)
Ceros (Kyohei Yoshida),HW4NG (Hwang Young-sik (황영식))
Yutapon (Yuta Sugiura),HW4NG (Hwang Young-sik (황영식))
Yutorimoyashi (Yuta Noguchi (野口 悠太)),Rainbrain (Shin Iwasaki)
Yutorimoyashi (Yuta Noguchi (野口 悠太)),Zerost (Shotaro Ikeda (池田 翔太郎))
Rainbrain (Shin Iwasaki),Shinmori (Sho Shinmori)
Rainbrain (Shin Iwasaki),Zerost (Shotaro Ikeda (池田 翔太郎))
Rainbrain (Shin Iwasaki),Awaker (Kentaro Hanaoka) (Kentaro Hanaoka)
Zerost (Shotaro Ikeda (池田 翔太郎)),Awaker (Kentaro Hanaoka) (Kentaro Hanaoka)
Cogcog (Ryohei Matsuda),Challenger (Hiroki Tadokoro)
Cogcog (Ryohei Matsuda),apaMEN (Ryo Odagiri)
Challenger (Hiroki Tadokoro),Rkp (Rikiya Yuasa)
Challenger (Hiroki Tadokoro),Lillebelt (Yoshiaki Koka (江夏 義昭))
Inu (Akito Kuwabara),apaMEN (Ryo Odagiri)
apaMEN (Ryo Odagiri),Rkp (Rikiya Yuasa)
apaMEN (Ryo Odagiri),Lillebelt (Yoshiaki Koka (江夏 義昭))
yunn (Yuki Doi (土井 優希)),yoshiaki3110 (Yoshiaki Saito (斉藤 義明))
yunn (Yuki Doi (土井 優希)),Clockday (Kazuhiro Suzuki (鈴木 雄大))
yunn (Yuki Doi (土井 優希)),Enty (Ryosei Tanioka)
yoshiaki3110 (Yoshiaki Saito (斉藤 義明)),Clockday (Kazuhiro Suzuki (鈴木 雄大))
yoshiaki3110 (Yoshiaki Saito (斉藤 義明)),Enty (Ryosei Tanioka)
Razer (Hiroaki Nagasima),Clockday (Kazuhiro Suzuki (鈴木 雄大))
Evi (Shunsuke Murase),Zerost (Shotaro Ikeda (池田 翔太郎))
Evi (Shunsuke Murase),7kane (Motoki Asanuma (浅沼 元紀))
Awaker (Kentaro Hanaoka) (Kentaro Hanaoka),7kane (Motoki Asanuma (浅沼 元紀))
Estelim (Sho Takahashi),Zerost (Shotaro Ikeda (池田 翔太郎))
Estelim (Sho Takahashi),7kane (Motoki Asanuma (浅沼 元紀))
Zerost (Shotaro Ikeda (池田 翔太郎)),7kane (Motoki Asanuma (浅沼 元紀))
A M U S E 4 (Takashi Otsuka),Bakudanx (Alex Ortiz)
A M U S E 4 (Takashi Otsuka),Envy (Yoshikazu Tanaka) (Yoshikazu Tanaka)
A M U S E 4 (Takashi Otsuka),alk (Hiroyuki Okano)
Bakudanx (Alex Ortiz),tei (Suzuto Shimizu)
Bakudanx (Alex Ortiz),Meron (Kiichi Watanabe)
Bakudanx (Alex Ortiz),alk (Hiroyuki Okano)
Envy (Yoshikazu Tanaka) (Yoshikazu Tanaka),tei (Suzuto Shimizu)
Envy (Yoshikazu Tanaka) (Yoshikazu Tanaka),Meron (Kiichi Watanabe)
Envy (Yoshikazu Tanaka) (Yoshikazu Tanaka),alk (Hiroyuki Okano)
tei (Suzuto Shimizu),alk (Hiroyuki Okano)
Meron (Kiichi Watanabe),alk (Hiroyuki Okano)
apaMEN (Ryo Odagiri),scottlyk (Yasuhiro Konaka)
scottlyk (Yasuhiro Konaka),Rkp (Rikiya Yuasa)
Arfoad (Kento Inoue),Raphonitte (Takashi Yageta)
Arfoad (Kento Inoue),Sweet (Ryota Murakami) (Ryota Murakami)
Arfoad (Kento Inoue),Joke (Takuya Hiraishi)
Arfoad (Kento Inoue),Beni (Ryohei Tsuji)
toshibu (Tosiyasu Tamura),Raphonitte (Takashi Yageta)
toshibu (Tosiyasu Tamura),Day1 (Wataru Shimizu (清水 航))
toshibu (Tosiyasu Tamura),Beni (Ryohei Tsuji)
Raphonitte (Takashi Yageta),Sweet (Ryota Murakami) (Ryota Murakami)
Raphonitte (Takashi Yageta),Joke (Takuya Hiraishi)
Raphonitte (Takashi Yageta),Day1 (Wataru Shimizu (清水 航))
Raphonitte (Takashi Yageta),Beni (Ryohei Tsuji)
Sweet (Ryota Murakami) (Ryota Murakami),Joke (Takuya Hiraishi)
Sweet (Ryota Murakami) (Ryota Murakami),Day1 (Wataru Shimizu (清水 航))
Sweet (Ryota Murakami) (Ryota Murakami),Beni (Ryohei Tsuji)
Joke (Takuya Hiraishi),Beni (Ryohei Tsuji)
Day1 (Wataru Shimizu (清水 航)),Beni (Ryohei Tsuji)
Arumik (Naoya Kimura),Cream (Heo Jun (허준))
Arumik (Naoya Kimura),Asato (Yuutarou Asato)
Arumik (Naoya Kimura),Arora (Kim Min-woo (김민우))
Arumik (Naoya Kimura),Masyo (Shoma Sasaki)
Arumik (Naoya Kimura),Lago (Lee Tae-woon (이태운))
Arumik (Naoya Kimura),Raina (Shin Okubo)
Cream (Heo Jun (허준)),Asato (Yuutarou Asato)
Cream (Heo Jun (허준)),Arora (Kim Min-woo (김민우))
Cream (Heo Jun (허준)),Masyo (Shoma Sasaki)
Cream (Heo Jun (허준)),Lago (Lee Tae-woon (이태운))
Cream (Heo Jun (허준)),Raina (Shin Okubo)
Asato (Yuutarou Asato),Masyo (Shoma Sasaki)
Asato (Yuutarou Asato),Lago (Lee Tae-woon (이태운))
Arora (Kim Min-woo (김민우)),Masyo (Shoma Sasaki)
Arora (Kim Min-woo (김민우)),Raina (Shin Okubo)
Masyo (Shoma Sasaki),Lago (Lee Tae-woon (이태운))
Masyo (Shoma Sasaki),Raina (Shin Okubo)
Lem0n (Yuya Kobayashi),Baby (Kim Dong-woo) (Kim Dong-woo (김동우))
Lem0n (Yuya Kobayashi),Hollis (Lee Do-yeol (이도열))
Lem0n (Yuya Kobayashi),Ace (Kotoji Mugita) (Kotoji Mugita)
Lem0n (Yuya Kobayashi),Nap (Akihito Ohno)
Baby (Kim Dong-woo) (Kim Dong-woo (김동우)),Hollis (Lee Do-yeol (이도열))
Baby (Kim Dong-woo) (Kim Dong-woo (김동우)),Nap (Akihito Ohno)
Hollis (Lee Do-yeol (이도열)),Ace (Kotoji Mugita) (Kotoji Mugita)
Ace (Kotoji Mugita) (Kotoji Mugita),Nap (Akihito Ohno)
Rokenia (Jun Young-dae (전영대)),Haretti (Souta Nakamura (中村 宗太))
Rokenia (Jun Young-dae (전영대)),Razer (Hiroaki Nagasima)
hachamecha (Dai Takai),Legato (Tatsuo Narita)
Lavie (Lee Ji-san (이지산)),Legato (Tatsuo Narita)
Alps (Tatsumi Suzuki),Legato (Tatsuo Narita)
Shield (Song Ju-yeong) (Song Ju-yeong (송주영)),Legato (Tatsuo Narita)
Reiya (Reiya Sakamoto),Akasi (Kazuki Tomono)
Reiya (Reiya Sakamoto),Dara (Jeon Jeong-hoon (전정훈))
Wilder (Jeong Jin-woo (정진우)),Akasi (Kazuki Tomono)
Wilder (Jeong Jin-woo (정진우)),Dara (Jeon Jeong-hoon (전정훈))
Roki (Hiroki Yokoo),Akasi (Kazuki Tomono)
Akasi (Kazuki Tomono),Dara (Jeon Jeong-hoon (전정훈))
Dara (Jeon Jeong-hoon (전정훈)),Hope of Nation (Henrik Velnom)
Reiya (Reiya Sakamoto),Ami (Kim Dong-hyeon (김동현))
Reiya (Reiya Sakamoto),Hollis (Lee Do-yeol (이도열))
Reiya (Reiya Sakamoto),Zerost (Shotaro Ikeda (池田 翔太郎))
Reiya (Reiya Sakamoto),Legato (Tatsuo Narita)
Darkcat (Choi Sang-in (최상인)),Bugi (Lee Seong-yeop (이성엽))
Darkcat (Choi Sang-in (최상인)),Roki (Hiroki Yokoo)
Darkcat (Choi Sang-in (최상인)),nororin (Naoki Niimi)
Darkcat (Choi Sang-in (최상인)),Mei (Masaru Hatate)
Bugi (Lee Seong-yeop (이성엽)),Roki (Hiroki Yokoo)
Bugi (Lee Seong-yeop (이성엽)),nororin (Naoki Niimi)
Bugi (Lee Seong-yeop (이성엽)),Mei (Masaru Hatate)
Roki (Hiroki Yokoo),nororin (Naoki Niimi)
Roki (Hiroki Yokoo),Mei (Masaru Hatate)
nororin (Naoki Niimi),Mei (Masaru Hatate)
Shinmori (Sho Shinmori),Rokenia (Jun Young-dae (전영대))
Shinmori (Sho Shinmori),Razer (Hiroaki Nagasima)
MayZ (Yoo Se-hun (유세훈)),Astarore (Yuta Hiratsuka)
MayZ (Yoo Se-hun (유세훈)),Hollis (Lee Do-yeol (이도열))
MayZ (Yoo Se-hun (유세훈)),Akasi (Kazuki Tomono)
MayZ (Yoo Se-hun (유세훈)),Legato (Tatsuo Narita)
MayZ (Yoo Se-hun (유세훈)),CarilRui (Kentaro Katagiri)
Astarore (Yuta Hiratsuka),Hollis (Lee Do-yeol (이도열))
Astarore (Yuta Hiratsuka),Akasi (Kazuki Tomono)
Astarore (Yuta Hiratsuka),Legato (Tatsuo Narita)
Astarore (Yuta Hiratsuka),CarilRui (Kentaro Katagiri)
Hollis (Lee Do-yeol (이도열)),CarilRui (Kentaro Katagiri)
Akasi (Kazuki Tomono),CarilRui (Kentaro Katagiri)
Legato (Tatsuo Narita),CarilRui (Kentaro Katagiri)
Air (Sota Kadoyama) (Sota Kadoyama),DayDream (Kang Kyung-min (강경민))
Air (Sota Kadoyama) (Sota Kadoyama),Search (Kim Jae-won (김재원))
Air (Sota Kadoyama) (Sota Kadoyama),Day1 (Wataru Shimizu (清水 航))
Air (Sota Kadoyama) (Sota Kadoyama),Mei (Masaru Hatate)
Air (Sota Kadoyama) (Sota Kadoyama),Nap (Akihito Ohno)
DayDream (Kang Kyung-min (강경민)),Mei (Masaru Hatate)
DayDream (Kang Kyung-min (강경민)),Nap (Akihito Ohno)
Search (Kim Jae-won (김재원)),Mei (Masaru Hatate)
Search (Kim Jae-won (김재원)),Nap (Akihito Ohno)
Day1 (Wataru Shimizu (清水 航)),Nap (Akihito Ohno)
Mei (Masaru Hatate),Nap (Akihito Ohno)
Misty (Keisuke Iei),overthere (Takayuki Shinjo)
Misty (Keisuke Iei),Claire (Brandon Nguyen)
Misty (Keisuke Iei),Neat (Justin Hao)
Misty (Keisuke Iei),Dorothy (Aoi Yumoto)
overthere (Takayuki Shinjo),Claire (Brandon Nguyen)
overthere (Takayuki Shinjo),Neat (Justin Hao)
overthere (Takayuki Shinjo),Dorothy (Aoi Yumoto)
Claire (Brandon Nguyen),Neat (Justin Hao)
Claire (Brandon Nguyen),Dorothy (Aoi Yumoto)
Neat (Justin Hao),Dorothy (Aoi Yumoto)
Nap (Akihito Ohno),Wyvern (Lee Jong-gyun (이종균))
Nap (Akihito Ohno),HW4NG (Hwang Young-sik (황영식))
Nap (Akihito Ohno),Yuki (Yuki Takahashi) (Yuki Takahashi)
Nap (Akihito Ohno),NoA (Shunya Honda) (Shunya Honda)
Wyvern (Lee Jong-gyun (이종균)),HW4NG (Hwang Young-sik (황영식))
HW4NG (Hwang Young-sik (황영식)),Yuki (Yuki Takahashi) (Yuki Takahashi)
HW4NG (Hwang Young-sik (황영식)),NoA (Shunya Honda) (Shunya Honda)
Misty (Keisuke Iei),Kameda (Masahira Okamoto)
Misty (Keisuke Iei),Sylvia (Tatuyuki Hukuda)
overthere (Takayuki Shinjo),Kameda (Masahira Okamoto)
overthere (Takayuki Shinjo),Sylvia (Tatuyuki Hukuda)
Kameda (Masahira Okamoto),Dorothy (Aoi Yumoto)
Kameda (Masahira Okamoto),Sylvia (Tatuyuki Hukuda)
Dorothy (Aoi Yumoto),Sylvia (Tatuyuki Hukuda)
Nova (Motoyuki Yamanaka) (Motoyuki Yamanaka),Search (Kim Jae-won (김재원))
Nova (Motoyuki Yamanaka) (Motoyuki Yamanaka),ShiRa (Tatsumi Shiraki) (Tatsumi Shiraki)
Ilven (Rai Kei),Search (Kim Jae-won (김재원))
Ilven (Rai Kei),ShiRa (Tatsumi Shiraki) (Tatsumi Shiraki)
Search (Kim Jae-won (김재원)),ShiRa (Tatsumi Shiraki) (Tatsumi Shiraki)
Day1 (Wataru Shimizu (清水 航)),ShiRa (Tatsumi Shiraki) (Tatsumi Shiraki)
